epoch,time,train/box_loss,train/cls_loss,train/dfl_loss,metrics/precision(B),metrics/recall(B),metrics/mAP50(B),metrics/mAP75(B),metrics/mAP50-95(B),val/box_loss,val/cls_loss,val/dfl_loss,lr/pg0,lr/pg1,lr/pg2
1,148.456,1.5484,7.83193,0.90688,0.00122,0.02439,0.0016,0.00158,0.00132,1.39349,4.9235,0.67938,1.46474e-05,1.46474e-05,1.46474e-05
2,288.565,1.49351,6.60864,0.86367,0.00152,0.04266,0.00139,0.0013,0.00113,1.362,5.86247,0.67767,2.90239e-05,2.90239e-05,2.90239e-05
3,426.974,1.40625,5.50279,0.85401,0.00062,0.02699,0.00052,0.00044,0.00038,1.31383,5.80849,0.67292,4.311e-05,4.311e-05,4.311e-05
4,564.889,1.3513,4.81729,0.85311,0.00174,0.04083,0.0016,0.00151,0.00138,1.31615,5.87559,0.67672,4.26932e-05,4.26932e-05,4.26932e-05
5,716.403,1.31417,4.38516,0.84679,0.00231,0.04227,0.00323,0.00299,0.00263,1.30776,6.40812,0.67605,4.22576e-05,4.22576e-05,4.22576e-05
6,872.667,1.2788,4.0847,0.84235,0.00329,0.0626,0.00476,0.00466,0.00427,1.29304,5.83852,0.67534,4.1822e-05,4.1822e-05,4.1822e-05
7,1029.95,1.26018,3.82023,0.83915,0.00381,0.06786,0.005,0.0049,0.00425,1.30538,6.25293,0.67727,4.13864e-05,4.13864e-05,4.13864e-05
8,1190.04,1.22879,3.57109,0.84049,0.00312,0.09213,0.0049,0.00478,0.00423,1.25563,6.19675,0.66771,4.09508e-05,4.09508e-05,4.09508e-05
9,1346.74,1.21231,3.41415,0.83724,0.00214,0.09949,0.00453,0.00423,0.00379,1.2427,6.13474,0.66798,4.05152e-05,4.05152e-05,4.05152e-05
10,1500.69,1.20337,3.2858,0.83491,0.00275,0.09093,0.00437,0.0041,0.00364,1.25812,5.94012,0.67118,4.00796e-05,4.00796e-05,4.00796e-05
11,1650.04,1.19137,3.12342,0.83537,0.00263,0.10742,0.00517,0.00472,0.00416,1.26016,5.82638,0.67189,3.9644e-05,3.9644e-05,3.9644e-05
12,1801.24,1.17509,2.99624,0.8323,0.00429,0.12203,0.009,0.00857,0.00748,1.24994,5.83196,0.67023,3.92084e-05,3.92084e-05,3.92084e-05
13,1951.37,1.16255,2.94055,0.83327,0.00403,0.12508,0.0088,0.00841,0.00728,1.21899,6.04612,0.66571,3.87728e-05,3.87728e-05,3.87728e-05
14,2103.27,1.13701,2.78959,0.83375,0.00427,0.13574,0.00949,0.00878,0.00759,1.22305,6.2231,0.66834,3.83372e-05,3.83372e-05,3.83372e-05
15,2251.15,1.14796,2.729,0.8305,0.00513,0.14024,0.01283,0.01226,0.01039,1.21274,5.9586,0.66906,3.79016e-05,3.79016e-05,3.79016e-05
16,2399.71,1.1199,2.64245,0.83327,0.0068,0.14535,0.01069,0.00996,0.0088,1.21112,5.54388,0.66648,3.7466e-05,3.7466e-05,3.7466e-05
17,2548.27,1.12331,2.56256,0.82762,0.00631,0.15879,0.01567,0.01499,0.01307,1.21349,6.06183,0.66737,3.70304e-05,3.70304e-05,3.70304e-05
18,2696.62,1.12788,2.53164,0.82997,0.00673,0.16138,0.01266,0.01165,0.01012,1.20349,5.68791,0.6679,3.65948e-05,3.65948e-05,3.65948e-05
19,2845.76,1.13135,2.48863,0.82693,0.00723,0.1795,0.01742,0.01626,0.01393,1.19634,5.7528,0.66692,3.61592e-05,3.61592e-05,3.61592e-05
20,2995.53,1.09889,2.38683,0.82748,0.01037,0.176,0.01676,0.01578,0.01372,1.19772,5.78708,0.66709,3.57236e-05,3.57236e-05,3.57236e-05
21,3146.51,1.12203,2.39132,0.82722,0.01019,0.18121,0.01957,0.01756,0.0159,1.19261,5.57142,0.66668,3.5288e-05,3.5288e-05,3.5288e-05
22,3300.49,1.0949,2.28875,0.83096,0.00724,0.17936,0.01442,0.01356,0.01153,1.17967,5.78194,0.66915,3.48524e-05,3.48524e-05,3.48524e-05
23,3455.98,1.10664,2.26118,0.82869,0.00928,0.1887,0.0201,0.01832,0.01609,1.18461,5.57067,0.66915,3.44168e-05,3.44168e-05,3.44168e-05
24,3616.36,1.08448,2.21796,0.82565,0.00833,0.19983,0.01928,0.01738,0.01549,1.19741,5.49135,0.66877,3.39812e-05,3.39812e-05,3.39812e-05
25,3775.33,1.08764,2.16333,0.82613,0.00699,0.18351,0.01739,0.0151,0.01332,1.20093,5.57246,0.66925,3.35456e-05,3.35456e-05,3.35456e-05
26,3931.83,1.08336,2.13091,0.82581,0.00725,0.20661,0.02152,0.01939,0.01697,1.18678,5.48743,0.66995,3.311e-05,3.311e-05,3.311e-05
27,4080.79,1.06588,2.0916,0.82418,0.00875,0.21008,0.02129,0.01904,0.01698,1.19289,5.40431,0.67096,3.26744e-05,3.26744e-05,3.26744e-05
28,4236.53,1.0797,2.04773,0.82568,0.00872,0.21327,0.02343,0.02139,0.01878,1.16691,5.45526,0.66874,3.22388e-05,3.22388e-05,3.22388e-05
29,4410.77,1.07743,2.01642,0.82496,0.00766,0.22214,0.02188,0.01919,0.01703,1.1637,5.66781,0.66773,3.18032e-05,3.18032e-05,3.18032e-05
30,4576.49,1.05601,1.97988,0.82503,0.0486,0.14474,0.02396,0.02153,0.01919,1.17008,5.56714,0.67057,3.13676e-05,3.13676e-05,3.13676e-05
31,4740.81,1.07005,1.9698,0.82218,0.00797,0.21727,0.02219,0.02,0.01774,1.16373,5.49089,0.6686,3.0932e-05,3.0932e-05,3.0932e-05
32,4904.11,1.0594,1.92437,0.82286,0.00886,0.22648,0.02416,0.02219,0.019,1.17289,5.42512,0.66902,3.04964e-05,3.04964e-05,3.04964e-05
33,5069.62,1.06665,1.902,0.82133,0.03721,0.16869,0.02585,0.02378,0.0205,1.16636,5.46297,0.66736,3.00608e-05,3.00608e-05,3.00608e-05
34,5233.39,1.05913,1.87547,0.82192,0.00895,0.23814,0.02291,0.02074,0.01825,1.17191,5.49086,0.66863,2.96252e-05,2.96252e-05,2.96252e-05
35,5396.02,1.05438,1.87325,0.82255,0.00939,0.2571,0.02468,0.02177,0.01931,1.1737,5.55493,0.67111,2.91896e-05,2.91896e-05,2.91896e-05
36,5558.85,1.04402,1.82229,0.823,0.01058,0.24192,0.02631,0.02275,0.02048,1.18268,5.34251,0.66927,2.8754e-05,2.8754e-05,2.8754e-05
37,5721.84,1.06187,1.79471,0.82647,0.0105,0.24369,0.02888,0.0254,0.02298,1.1728,5.56151,0.66935,2.83184e-05,2.83184e-05,2.83184e-05
38,5891.48,1.04982,1.76373,0.81659,0.19164,0.04793,0.02902,0.02522,0.02257,1.16607,5.35094,0.66959,2.78828e-05,2.78828e-05,2.78828e-05
39,6052.82,1.04756,1.76475,0.8213,0.25948,0.03309,0.02893,0.02415,0.0219,1.16645,5.38069,0.66817,2.74472e-05,2.74472e-05,2.74472e-05
40,6214.16,1.02643,1.69707,0.82221,0.25664,0.02813,0.02923,0.02418,0.02218,1.16648,5.33851,0.66673,2.70116e-05,2.70116e-05,2.70116e-05
41,6374.95,1.01639,1.67164,0.82165,0.26339,0.03047,0.02933,0.02443,0.02258,1.17126,5.36572,0.66861,2.6576e-05,2.6576e-05,2.6576e-05
42,6536.71,1.01856,1.65607,0.8228,0.00956,0.25223,0.02978,0.02606,0.02321,1.16713,5.28266,0.66898,2.61404e-05,2.61404e-05,2.61404e-05
43,6700.53,1.04046,1.64876,0.82305,0.1886,0.07168,0.03174,0.02512,0.02368,1.15918,5.34787,0.66681,2.57048e-05,2.57048e-05,2.57048e-05
44,6864.58,1.00541,1.64036,0.8161,0.23934,0.0514,0.03012,0.02328,0.02212,1.16992,5.30692,0.66792,2.52692e-05,2.52692e-05,2.52692e-05
45,7023.43,1.0139,1.65023,0.81768,0.20571,0.05488,0.03207,0.02915,0.02451,1.16189,5.30418,0.66754,2.48336e-05,2.48336e-05,2.48336e-05
46,7182.9,1.03549,1.61805,0.82104,0.06095,0.17786,0.03254,0.02542,0.02416,1.16862,5.29993,0.66791,2.4398e-05,2.4398e-05,2.4398e-05
47,7343.6,1.02354,1.62047,0.82046,0.12249,0.09279,0.0369,0.03463,0.02783,1.16083,5.37497,0.66739,2.39624e-05,2.39624e-05,2.39624e-05
48,7506.91,1.0115,1.56645,0.82105,0.12711,0.08343,0.03377,0.03141,0.02623,1.15874,5.35783,0.66842,2.35268e-05,2.35268e-05,2.35268e-05
49,7667.82,1.03452,1.58011,0.82001,0.22299,0.04741,0.03838,0.02767,0.02819,1.15796,5.27393,0.66932,2.30912e-05,2.30912e-05,2.30912e-05
50,7828,1.01441,1.53871,0.81943,0.24414,0.04276,0.03614,0.03334,0.02704,1.15283,5.17087,0.66762,2.26556e-05,2.26556e-05,2.26556e-05
51,7988.48,0.99567,1.53805,0.81851,0.25118,0.04452,0.03397,0.03117,0.02628,1.15436,5.41727,0.66837,2.222e-05,2.222e-05,2.222e-05
52,8151.01,1.01792,1.53706,0.82029,0.23698,0.04416,0.03314,0.03041,0.02596,1.14931,5.21142,0.66654,2.17844e-05,2.17844e-05,2.17844e-05
53,8317.63,0.99461,1.49027,0.81794,0.11186,0.09729,0.03424,0.03151,0.02632,1.14927,5.34251,0.66824,2.13488e-05,2.13488e-05,2.13488e-05
54,8484.42,1.00489,1.51234,0.81742,0.20621,0.04698,0.03137,0.02857,0.0246,1.14972,5.29311,0.66707,2.09132e-05,2.09132e-05,2.09132e-05
55,8647.39,1.00318,1.47715,0.81789,0.11846,0.10946,0.03235,0.02897,0.02499,1.14783,5.17657,0.66712,2.04776e-05,2.04776e-05,2.04776e-05
56,8810.14,1.00042,1.45226,0.81766,0.20499,0.06162,0.03535,0.03213,0.02732,1.15753,5.28617,0.66762,2.0042e-05,2.0042e-05,2.0042e-05
57,8975.7,0.99391,1.46272,0.81832,0.1842,0.06756,0.03887,0.02747,0.02845,1.14231,5.07481,0.66665,1.96064e-05,1.96064e-05,1.96064e-05
58,9139.28,0.99982,1.43222,0.81763,0.14751,0.08379,0.0382,0.02733,0.02807,1.14268,5.24198,0.66625,1.91708e-05,1.91708e-05,1.91708e-05
59,9302.66,1.00888,1.44573,0.81816,0.1886,0.05914,0.04072,0.03786,0.03082,1.14441,5.24436,0.66567,1.87352e-05,1.87352e-05,1.87352e-05
60,9465.72,0.98624,1.41036,0.81447,0.17656,0.07632,0.03466,0.03179,0.02706,1.14497,5.26178,0.66631,1.82996e-05,1.82996e-05,1.82996e-05
61,9629.66,0.98645,1.40831,0.81834,0.2065,0.05482,0.03931,0.03619,0.02953,1.14885,5.27638,0.66798,1.7864e-05,1.7864e-05,1.7864e-05
62,9795.72,1.00282,1.40664,0.81687,0.19119,0.05901,0.04008,0.03699,0.03008,1.14657,5.20245,0.66708,1.74284e-05,1.74284e-05,1.74284e-05
63,9960.03,0.98266,1.38408,0.81236,0.21963,0.05593,0.03944,0.03646,0.02932,1.14733,5.28576,0.66908,1.69928e-05,1.69928e-05,1.69928e-05
64,10121.5,0.98448,1.36735,0.81598,0.21466,0.05691,0.03919,0.03598,0.02913,1.14877,5.27818,0.66814,1.65572e-05,1.65572e-05,1.65572e-05
65,10282.5,0.9749,1.3553,0.81571,0.2125,0.0489,0.03221,0.02866,0.02457,1.13622,5.27205,0.66878,1.61216e-05,1.61216e-05,1.61216e-05
66,10446.6,0.99919,1.37579,0.81637,0.17489,0.06819,0.0326,0.02939,0.02473,1.1433,5.16084,0.66669,1.5686e-05,1.5686e-05,1.5686e-05
67,10608.7,0.98373,1.3684,0.8164,0.21468,0.04496,0.03751,0.03378,0.02867,1.14657,5.22147,0.66869,1.52504e-05,1.52504e-05,1.52504e-05
68,10770.9,0.97683,1.33038,0.81541,0.18113,0.0711,0.03845,0.0351,0.02849,1.14663,5.2266,0.66789,1.48148e-05,1.48148e-05,1.48148e-05
69,10933.8,0.98216,1.33507,0.81754,0.21791,0.06081,0.03828,0.03498,0.02848,1.14363,5.27107,0.6645,1.43792e-05,1.43792e-05,1.43792e-05
70,11095.6,0.96767,1.32442,0.81278,0.20534,0.05628,0.03949,0.0281,0.0277,1.14463,5.13943,0.66423,1.39436e-05,1.39436e-05,1.39436e-05
71,11253.7,0.98237,1.32035,0.81374,0.21146,0.05603,0.03872,0.03521,0.02844,1.13842,5.12213,0.66434,1.3508e-05,1.3508e-05,1.3508e-05
72,11400.7,0.96839,1.30376,0.81698,0.20149,0.06132,0.03905,0.0352,0.02848,1.14693,5.10252,0.66782,1.30724e-05,1.30724e-05,1.30724e-05
73,11546.9,0.97494,1.31815,0.81611,0.177,0.06996,0.03807,0.0346,0.02805,1.14779,5.23754,0.66905,1.26368e-05,1.26368e-05,1.26368e-05
74,11693.3,0.9727,1.30086,0.81658,0.19224,0.05825,0.03933,0.03574,0.02996,1.14765,5.23898,0.66926,1.22012e-05,1.22012e-05,1.22012e-05
75,11839.7,0.98856,1.3348,0.81576,0.19983,0.05493,0.03883,0.03513,0.02841,1.14818,5.13283,0.66997,1.17656e-05,1.17656e-05,1.17656e-05
76,11986.2,0.98041,1.2968,0.81476,0.19481,0.05692,0.04079,0.03701,0.03034,1.14313,5.13761,0.66739,1.133e-05,1.133e-05,1.133e-05
77,12132,0.9904,1.28501,0.81522,0.20222,0.05574,0.03875,0.03504,0.02868,1.14309,5.20233,0.67096,1.08944e-05,1.08944e-05,1.08944e-05
78,12277.6,0.96875,1.29378,0.81374,0.19116,0.05855,0.04025,0.03637,0.02975,1.14227,5.12287,0.66703,1.04588e-05,1.04588e-05,1.04588e-05
79,12424.1,0.96135,1.27354,0.81231,0.19753,0.06061,0.03984,0.03565,0.02921,1.1408,5.16193,0.66632,1.00232e-05,1.00232e-05,1.00232e-05
