epoch,time,train/box_loss,train/cls_loss,train/dfl_loss,metrics/precision(B),metrics/recall(B),metrics/mAP50(B),metrics/mAP50-95(B),val/box_loss,val/cls_loss,val/dfl_loss,lr/pg0,lr/pg1,lr/pg2
1,104.572,1.76865,7.76531,0.93189,0.00102,0.0661,0.00252,0.0021,1.86776,5.46848,0.72327,1.46474e-05,1.46474e-05,1.46474e-05
2,198.409,1.72909,5.92779,0.85185,0.00202,0.05164,0.00228,0.00193,1.83917,6.34818,0.70876,2.90239e-05,2.90239e-05,2.90239e-05
3,288.788,1.6019,4.98696,0.8341,0.00101,0.05193,0.00121,0.00094,1.78262,6.41945,0.70303,4.311e-05,4.311e-05,4.311e-05
4,377.404,1.53604,4.43684,0.82961,0.00263,0.04883,0.003,0.00234,1.7645,6.43521,0.70064,4.26932e-05,4.26932e-05,4.26932e-05
5,464.948,1.45515,4.01044,0.82559,0.00538,0.07133,0.00495,0.00382,1.74614,6.13772,0.69909,4.22576e-05,4.22576e-05,4.22576e-05
6,553.602,1.45326,3.75598,0.82198,0.00403,0.09475,0.00548,0.00414,1.70891,6.20205,0.69886,4.1822e-05,4.1822e-05,4.1822e-05
7,646.546,1.4155,3.56129,0.81802,0.00469,0.09682,0.00553,0.00405,1.68582,6.08342,0.69787,4.13864e-05,4.13864e-05,4.13864e-05
8,740.712,1.39515,3.38933,0.81688,0.00326,0.11647,0.00552,0.0041,1.70167,5.96826,0.69922,4.09508e-05,4.09508e-05,4.09508e-05
9,835.709,1.37864,3.2419,0.81604,0.00293,0.11249,0.00648,0.00482,1.6708,5.92046,0.6978,4.05152e-05,4.05152e-05,4.05152e-05
10,929.199,1.34004,3.10351,0.81679,0.00392,0.13677,0.00891,0.00666,1.65128,5.94655,0.69958,4.00796e-05,4.00796e-05,4.00796e-05
11,1023.33,1.33363,3.00851,0.81457,0.00344,0.1491,0.00856,0.00633,1.638,5.80832,0.69634,3.9644e-05,3.9644e-05,3.9644e-05
12,1116.1,1.31646,2.88227,0.81186,0.00461,0.16041,0.01138,0.00867,1.64043,5.87471,0.69422,3.92084e-05,3.92084e-05,3.92084e-05
13,1208.45,1.3217,2.78733,0.81122,0.00429,0.15787,0.01246,0.00959,1.66154,6.01744,0.69565,3.87728e-05,3.87728e-05,3.87728e-05
14,1298.47,1.29424,2.73501,0.81064,0.00638,0.17328,0.01511,0.0115,1.6237,5.82872,0.69333,3.83372e-05,3.83372e-05,3.83372e-05
15,1388.08,1.29419,2.6525,0.81274,0.00538,0.18905,0.01479,0.01106,1.59936,5.64499,0.69224,3.79016e-05,3.79016e-05,3.79016e-05
16,1477.64,1.29577,2.57629,0.8114,0.04745,0.1537,0.01662,0.01232,1.61798,5.44543,0.69252,3.7466e-05,3.7466e-05,3.7466e-05
17,1567.2,1.2811,2.53226,0.81012,0.00492,0.20398,0.01631,0.01249,1.62436,5.76098,0.69322,3.70304e-05,3.70304e-05,3.70304e-05
18,1656.34,1.2694,2.49818,0.80775,0.0058,0.21729,0.01894,0.01455,1.59092,5.64187,0.6931,3.65948e-05,3.65948e-05,3.65948e-05
19,1745.45,1.27801,2.4315,0.80552,0.10792,0.1138,0.01882,0.01434,1.60337,5.79184,0.6918,3.61592e-05,3.61592e-05,3.61592e-05
20,1833.64,1.28325,2.35635,0.80423,0.00618,0.21867,0.01895,0.01462,1.61293,5.46317,0.69405,3.57236e-05,3.57236e-05,3.57236e-05
21,1922.43,1.27035,2.31667,0.80487,0.20092,0.06509,0.02048,0.01463,1.60459,5.41771,0.69252,3.5288e-05,3.5288e-05,3.5288e-05
22,2010.92,1.2558,2.2871,0.80597,0.04175,0.16689,0.02101,0.0155,1.6079,5.36341,0.69315,3.48524e-05,3.48524e-05,3.48524e-05
23,2100.85,1.2645,2.28072,0.80638,0.17775,0.06989,0.02386,0.01665,1.61687,5.34884,0.69403,3.44168e-05,3.44168e-05,3.44168e-05
24,2190.68,1.23179,2.19541,0.80378,0.24575,0.03309,0.0217,0.01534,1.59359,5.35277,0.69315,3.39812e-05,3.39812e-05,3.39812e-05
25,2280.67,1.2436,2.18767,0.8053,0.29284,0.02852,0.02181,0.0155,1.59302,5.58186,0.69244,3.35456e-05,3.35456e-05,3.35456e-05
26,2370.16,1.22339,2.14261,0.80494,0.23901,0.03986,0.02602,0.01846,1.58754,5.31574,0.69208,3.311e-05,3.311e-05,3.311e-05
27,2458.2,1.26085,2.12587,0.80486,0.27018,0.0369,0.02756,0.0188,1.59958,5.31351,0.69201,3.26744e-05,3.26744e-05,3.26744e-05
28,2546.38,1.23324,2.10476,0.80469,0.24259,0.05,0.03056,0.01901,1.5757,5.46393,0.68903,3.22388e-05,3.22388e-05,3.22388e-05
29,2635.67,1.24933,2.07113,0.80111,0.17898,0.0789,0.03387,0.02193,1.57538,5.36144,0.68955,3.18032e-05,3.18032e-05,3.18032e-05
30,2723.93,1.22749,2.03216,0.80543,0.25238,0.04336,0.03182,0.0207,1.56847,5.28627,0.68815,3.13676e-05,3.13676e-05,3.13676e-05
31,2812.19,1.1996,2.00318,0.79938,0.24752,0.04436,0.03212,0.02107,1.57091,5.27199,0.68727,3.0932e-05,3.0932e-05,3.0932e-05
32,2900.24,1.20394,1.99861,0.80392,0.25111,0.04228,0.03369,0.0232,1.58181,5.09992,0.68879,3.04964e-05,3.04964e-05,3.04964e-05
33,2991.6,1.21612,1.95765,0.80226,0.25796,0.04335,0.03402,0.02283,1.57193,5.22509,0.68828,3.00608e-05,3.00608e-05,3.00608e-05
34,3083.3,1.21517,1.93354,0.79888,0.21077,0.04795,0.0354,0.02435,1.56429,5.09049,0.68777,2.96252e-05,2.96252e-05,2.96252e-05
35,3182.12,1.19826,1.92815,0.80274,0.2568,0.04504,0.03337,0.02259,1.55171,5.33923,0.68695,2.91896e-05,2.91896e-05,2.91896e-05
36,3274.18,1.22138,1.89329,0.80272,0.24965,0.04347,0.0354,0.02391,1.57631,5.12776,0.68819,2.8754e-05,2.8754e-05,2.8754e-05
37,3363.21,1.20528,1.89472,0.80035,0.22656,0.04594,0.03599,0.02415,1.55315,5.12745,0.68639,2.83184e-05,2.83184e-05,2.83184e-05
38,3452.03,1.18773,1.84519,0.80127,0.22866,0.04768,0.03648,0.02469,1.55685,5.12273,0.68679,2.78828e-05,2.78828e-05,2.78828e-05
39,3540.75,1.19691,1.84849,0.8011,0.23621,0.0478,0.04088,0.02767,1.5692,5.32806,0.68649,2.74472e-05,2.74472e-05,2.74472e-05
40,3629.94,1.2098,1.81986,0.80033,0.15182,0.08489,0.04191,0.02894,1.5566,5.24224,0.68634,2.70116e-05,2.70116e-05,2.70116e-05
41,3719.12,1.21902,1.81622,0.80146,0.01565,0.30498,0.04197,0.0276,1.55832,5.078,0.6863,2.6576e-05,2.6576e-05,2.6576e-05
42,3808.22,1.20104,1.77907,0.8009,0.26683,0.05132,0.04914,0.02729,1.54435,5.22991,0.68446,2.61404e-05,2.61404e-05,2.61404e-05
43,3897.43,1.18913,1.76485,0.80063,0.26176,0.05244,0.05396,0.03159,1.55137,5.15592,0.6842,2.57048e-05,2.57048e-05,2.57048e-05
44,3990.92,1.17878,1.75364,0.79919,0.18855,0.06728,0.04169,0.02943,1.54074,5.13132,0.68304,2.52692e-05,2.52692e-05,2.52692e-05
45,4084.29,1.18368,1.73761,0.79985,0.25756,0.04974,0.0427,0.02945,1.54337,5.17142,0.68202,2.48336e-05,2.48336e-05,2.48336e-05
46,4174.68,1.18473,1.74613,0.80007,0.27003,0.04872,0.04261,0.03007,1.5442,5.07411,0.68106,2.4398e-05,2.4398e-05,2.4398e-05
47,4263.06,1.18086,1.72673,0.79851,0.24032,0.05148,0.03891,0.02612,1.53797,5.17301,0.68006,2.39624e-05,2.39624e-05,2.39624e-05
48,4353.63,1.17931,1.70782,0.80073,0.23853,0.05867,0.05695,0.03507,1.54266,5.15472,0.68032,2.35268e-05,2.35268e-05,2.35268e-05
49,4449.85,1.17986,1.6869,0.79752,0.22281,0.05431,0.04261,0.02832,1.52321,5.26841,0.67696,2.30912e-05,2.30912e-05,2.30912e-05
50,4545.55,1.17761,1.67475,0.79925,0.25999,0.06211,0.04904,0.02978,1.53858,5.13373,0.67835,2.26556e-05,2.26556e-05,2.26556e-05
51,4640.54,1.15109,1.65632,0.79798,0.25221,0.06472,0.05047,0.02885,1.54343,4.98707,0.67946,2.222e-05,2.222e-05,2.222e-05
52,4736.6,1.16305,1.64942,0.79709,0.23642,0.05956,0.04256,0.02836,1.52809,5.06498,0.68001,2.17844e-05,2.17844e-05,2.17844e-05
53,4833.6,1.14153,1.60916,0.79752,0.27128,0.06505,0.05174,0.03002,1.52309,5.12733,0.67754,2.13488e-05,2.13488e-05,2.13488e-05
54,4928.3,1.16839,1.64528,0.79947,0.26231,0.05231,0.04486,0.03043,1.52626,5.04791,0.67706,2.09132e-05,2.09132e-05,2.09132e-05
55,5020.1,1.15792,1.61116,0.79687,0.21668,0.06145,0.04403,0.03012,1.52529,5.05771,0.67775,2.04776e-05,2.04776e-05,2.04776e-05
56,5114.46,1.17264,1.63636,0.79782,0.24284,0.06134,0.05379,0.03368,1.52424,5.11746,0.67907,2.0042e-05,2.0042e-05,2.0042e-05
57,5209.27,1.15451,1.60853,0.7977,0.25542,0.06226,0.05308,0.03313,1.52182,4.97984,0.67764,1.96064e-05,1.96064e-05,1.96064e-05
58,5304.25,1.1633,1.60181,0.79753,0.23479,0.06695,0.05173,0.03133,1.5257,5.13098,0.67837,1.91708e-05,1.91708e-05,1.91708e-05
59,5398.68,1.14808,1.57105,0.80043,0.22958,0.06584,0.05256,0.03138,1.51929,5.1599,0.67915,1.87352e-05,1.87352e-05,1.87352e-05
60,5494.13,1.16631,1.5567,0.79781,0.22979,0.06532,0.0506,0.03012,1.52126,5.07309,0.67691,1.82996e-05,1.82996e-05,1.82996e-05
61,5589.94,1.15532,1.56264,0.79499,0.22813,0.06189,0.04466,0.03124,1.52164,5.12138,0.67731,1.7864e-05,1.7864e-05,1.7864e-05
62,5685.9,1.14516,1.56752,0.79453,0.22296,0.06356,0.05291,0.03172,1.52054,5.02759,0.67762,1.74284e-05,1.74284e-05,1.74284e-05
63,5781.84,1.15669,1.56366,0.79835,0.20089,0.06104,0.04512,0.03139,1.52164,5.05212,0.67771,1.69928e-05,1.69928e-05,1.69928e-05
64,5877.67,1.14356,1.53765,0.79993,0.21118,0.07319,0.05336,0.03159,1.51604,5.10613,0.67643,1.65572e-05,1.65572e-05,1.65572e-05
65,5969.8,1.16063,1.5423,0.79511,0.21083,0.05734,0.04495,0.03119,1.51827,5.09187,0.677,1.61216e-05,1.61216e-05,1.61216e-05
66,6064.83,1.15255,1.53576,0.79635,0.22561,0.06375,0.05273,0.03162,1.51202,5.08529,0.67721,1.5686e-05,1.5686e-05,1.5686e-05
67,6161.09,1.15749,1.53572,0.79584,0.21981,0.06992,0.0529,0.03274,1.51406,5.04656,0.67775,1.52504e-05,1.52504e-05,1.52504e-05
68,6255.84,1.15251,1.51329,0.79642,0.22153,0.06462,0.05258,0.03262,1.51734,5.07351,0.67837,1.48148e-05,1.48148e-05,1.48148e-05
